<?xml version="1.0" encoding="utf-8" standalone="yes"?>
<rss version="2.0" xmlns:atom="http://www.w3.org/2005/Atom">
  <channel>
    <title>Years on Paulius.uk</title>
    <link>https://pauliusuk.github.io/years/</link>
    <description>Recent content in Years on Paulius.uk</description>
    <generator>Hugo -- gohugo.io</generator>
    <language>en-us</language>
    <lastBuildDate>Tue, 09 Apr 2024 18:39:08 +0100</lastBuildDate>
    <atom:link href="https://pauliusuk.github.io/years/index.xml" rel="self" type="application/rss+xml" />
    <item>
      <title>2024</title>
      <link>https://pauliusuk.github.io/years/2024/</link>
      <pubDate>Tue, 09 Apr 2024 18:39:08 +0100</pubDate>
      <guid>https://pauliusuk.github.io/years/2024/</guid>
      <description></description>
    </item>
  </channel>
</rss>
