<?xml version="1.0" encoding="utf-8" standalone="yes"?>
<rss version="2.0" xmlns:atom="http://www.w3.org/2005/Atom">
  <channel>
    <title>ports on Paulius.uk</title>
    <link>https://pauliusuk.github.io/tags/ports/</link>
    <description>Recent content in ports on Paulius.uk</description>
    <generator>Hugo -- gohugo.io</generator>
    <language>en-us</language>
    <lastBuildDate>Thu, 04 Apr 2024 02:27:31 +0100</lastBuildDate>
    <atom:link href="https://pauliusuk.github.io/tags/ports/index.xml" rel="self" type="application/rss+xml" />
    <item>
      <title>Common Network Ports</title>
      <link>https://pauliusuk.github.io/posts/2024/common-network-ports/</link>
      <pubDate>Thu, 04 Apr 2024 02:27:31 +0100</pubDate>
      <guid>https://pauliusuk.github.io/posts/2024/common-network-ports/</guid>
      <description>Network Ports and Protocols Ports are crucial endpoints in network communication, facilitating the transfer of data between devices. They allow different services and applications to operate concurrently on a network device by assigning specific numbers to each service. This organization ensures accurate routing of data packets based on predefined protocols. Ports enable essential network functions like web browsing, email, and remote access, making them vital for effective network management and troubleshooting.</description>
    </item>
  </channel>
</rss>
