<?xml version="1.0" encoding="utf-8" standalone="yes"?>
<rss version="2.0" xmlns:atom="http://www.w3.org/2005/Atom">
  <channel>
    <title>css on Paulius.uk</title>
    <link>https://pauliusuk.github.io/tags/css/</link>
    <description>Recent content in css on Paulius.uk</description>
    <generator>Hugo -- gohugo.io</generator>
    <language>en-us</language>
    <lastBuildDate>Thu, 28 Mar 2024 20:41:34 +0000</lastBuildDate>
    <atom:link href="https://pauliusuk.github.io/tags/css/index.xml" rel="self" type="application/rss+xml" />
    <item>
      <title>CSS Selectors</title>
      <link>https://pauliusuk.github.io/posts/2024/css-selectors/</link>
      <pubDate>Thu, 28 Mar 2024 20:41:34 +0000</pubDate>
      <guid>https://pauliusuk.github.io/posts/2024/css-selectors/</guid>
      <description></description>
    </item>
  </channel>
</rss>
