<?xml version="1.0" encoding="utf-8" standalone="yes"?>
<rss version="2.0" xmlns:atom="http://www.w3.org/2005/Atom">
  <channel>
    <title>Categories on Paulius.uk</title>
    <link>https://pauliusuk.github.io/categories/</link>
    <description>Recent content in Categories on Paulius.uk</description>
    <generator>Hugo -- gohugo.io</generator>
    <language>en-us</language>
    <lastBuildDate>Tue, 09 Apr 2024 18:39:08 +0100</lastBuildDate>
    <atom:link href="https://pauliusuk.github.io/categories/index.xml" rel="self" type="application/rss+xml" />
    <item>
      <title>Networking</title>
      <link>https://pauliusuk.github.io/categories/networking/</link>
      <pubDate>Tue, 09 Apr 2024 18:39:08 +0100</pubDate>
      <guid>https://pauliusuk.github.io/categories/networking/</guid>
      <description></description>
    </item>
    <item>
      <title>Linux</title>
      <link>https://pauliusuk.github.io/categories/linux/</link>
      <pubDate>Thu, 04 Apr 2024 16:20:46 +0100</pubDate>
      <guid>https://pauliusuk.github.io/categories/linux/</guid>
      <description></description>
    </item>
    <item>
      <title>Windows</title>
      <link>https://pauliusuk.github.io/categories/windows/</link>
      <pubDate>Thu, 04 Apr 2024 16:20:46 +0100</pubDate>
      <guid>https://pauliusuk.github.io/categories/windows/</guid>
      <description></description>
    </item>
    <item>
      <title>Web Development</title>
      <link>https://pauliusuk.github.io/categories/web-development/</link>
      <pubDate>Thu, 28 Mar 2024 20:41:34 +0000</pubDate>
      <guid>https://pauliusuk.github.io/categories/web-development/</guid>
      <description></description>
    </item>
  </channel>
</rss>
