<?xml version="1.0" encoding="utf-8" standalone="yes"?>
<rss version="2.0" xmlns:atom="http://www.w3.org/2005/Atom">
  <channel>
    <title>Authors on Paulius.uk</title>
    <link>https://pauliusuk.github.io/authors/</link>
    <description>Recent content in Authors on Paulius.uk</description>
    <generator>Hugo -- gohugo.io</generator>
    <language>en-us</language>
    <lastBuildDate>Tue, 09 Apr 2024 18:39:08 +0100</lastBuildDate>
    <atom:link href="https://pauliusuk.github.io/authors/index.xml" rel="self" type="application/rss+xml" />
    <item>
      <title></title>
      <link>https://pauliusuk.github.io/authors/paulius/</link>
      <pubDate>Tue, 09 Apr 2024 18:39:08 +0100</pubDate>
      <guid>https://pauliusuk.github.io/authors/paulius/</guid>
      <description>Welcome to my blog! Here, I share my adventures in coding, setting up devices, and exploring both Linux and Windows systems. I&amp;rsquo;m passionate about continuous learning and staying up-to-date with the latest tech in the IT world. Join me as I dive into different software programs and share tips and tricks. Let&amp;rsquo;s explore together!</description>
    </item>
  </channel>
</rss>
