<?xml version="1.0" encoding="utf-8" standalone="yes"?>
<rss version="2.0" xmlns:atom="http://www.w3.org/2005/Atom">
  <channel>
    <title>windows on Paulius.uk</title>
    <link>https://pauliusuk.github.io/tags/windows/</link>
    <description>Recent content in windows on Paulius.uk</description>
    <generator>Hugo -- gohugo.io</generator>
    <language>en-us</language>
    <lastBuildDate>Sun, 31 Mar 2024 18:30:32 +0100</lastBuildDate>
    <atom:link href="https://pauliusuk.github.io/tags/windows/index.xml" rel="self" type="application/rss+xml" />
    <item>
      <title>Windows Run Commands</title>
      <link>https://pauliusuk.github.io/posts/2024/windows-run-command-shortcuts/</link>
      <pubDate>Sun, 31 Mar 2024 18:30:32 +0100</pubDate>
      <guid>https://pauliusuk.github.io/posts/2024/windows-run-command-shortcuts/</guid>
      <description>Run Commands for Dialogue Box in Windows The Run dialogue box in Microsoft Windows provides a quick and convenient way for you to launch programs, open websites, and access several Windows settings. Let&amp;rsquo;s take a look at some commands and see how it works.&#xA;Launching run dialog Launching the Run dialog on Windows is usually done by pressing theWindows key + R, or else you can simply open the Start Menu and type &amp;ldquo;run.</description>
    </item>
  </channel>
</rss>
