<?xml version="1.0" encoding="utf-8" standalone="yes"?>
<rss version="2.0" xmlns:atom="http://www.w3.org/2005/Atom">
  <channel>
    <title>bash on Paulius.uk</title>
    <link>https://pauliusuk.github.io/tags/bash/</link>
    <description>Recent content in bash on Paulius.uk</description>
    <generator>Hugo -- gohugo.io</generator>
    <language>en-us</language>
    <lastBuildDate>Sat, 09 Mar 2024 14:15:12 +0000</lastBuildDate>
    <atom:link href="https://pauliusuk.github.io/tags/bash/index.xml" rel="self" type="application/rss+xml" />
    <item>
      <title>Exploring Linux &#34;chmod&#34; commands</title>
      <link>https://pauliusuk.github.io/posts/2024/chmod/</link>
      <pubDate>Sat, 09 Mar 2024 14:15:12 +0000</pubDate>
      <guid>https://pauliusuk.github.io/posts/2024/chmod/</guid>
      <description></description>
    </item>
  </channel>
</rss>
