<?xml version="1.0" encoding="utf-8" standalone="yes"?>
<rss version="2.0" xmlns:atom="http://www.w3.org/2005/Atom">
  <channel>
    <title>Contact me: on Paulius.uk</title>
    <link>https://pauliusuk.github.io/contact/</link>
    <description>Recent content in Contact me: on Paulius.uk</description>
    <generator>Hugo -- gohugo.io</generator>
    <language>en-us</language>
    <atom:link href="https://pauliusuk.github.io/contact/index.xml" rel="self" type="application/rss+xml" />
  </channel>
</rss>
