<?xml version="1.0" encoding="utf-8" standalone="yes"?>
<rss version="2.0" xmlns:atom="http://www.w3.org/2005/Atom">
  <channel>
    <title>Linux on Paulius.uk</title>
    <link>https://pauliusuk.github.io/categories/linux/</link>
    <description>Recent content in Linux on Paulius.uk</description>
    <generator>Hugo -- gohugo.io</generator>
    <language>en-us</language>
    <lastBuildDate>Thu, 04 Apr 2024 16:20:46 +0100</lastBuildDate>
    <atom:link href="https://pauliusuk.github.io/categories/linux/index.xml" rel="self" type="application/rss+xml" />
    <item>
      <title>Networking Commands and Troubleshooting</title>
      <link>https://pauliusuk.github.io/posts/2024/network-commands/</link>
      <pubDate>Thu, 04 Apr 2024 16:20:46 +0100</pubDate>
      <guid>https://pauliusuk.github.io/posts/2024/network-commands/</guid>
      <description>Networking Commands for Windows and Linux Networking commands are essential for diagnosing, troubleshooting, and managing network-related issues on both Windows and Linux systems. Here, we&amp;rsquo;ll explore some commonly used networking commands and their usage on both platforms, as well as troubleshooting steps to resolve common network problems.&#xA;Network Troubleshooting Steps Check Hardware Use ipconfig (or ifconfig) Use ping and tracert (traceroute) Perform DNS check Check for Virus/Malware Review Database Logs Contact ISP (Internet Service Provider) Additional Steps:</description>
    </item>
    <item>
      <title>Exploring Linux &#34;chmod&#34; commands</title>
      <link>https://pauliusuk.github.io/posts/2024/chmod/</link>
      <pubDate>Sat, 09 Mar 2024 14:15:12 +0000</pubDate>
      <guid>https://pauliusuk.github.io/posts/2024/chmod/</guid>
      <description></description>
    </item>
  </channel>
</rss>
