[{"categories":["Networking"],"permalink":"https://pauliusuk.github.io/posts/2024/wifi-standards/","summary":"","tags":["network","wifi"],"title":"Wifi Standards"},{"categories":["Networking","Windows","Linux"],"permalink":"https://pauliusuk.github.io/posts/2024/network-commands/","summary":"","tags":["network","shell"],"title":"Networking Commands and Troubleshooting"},{"categories":["Networking"],"permalink":"https://pauliusuk.github.io/posts/2024/network-cables-and-connectors/","summary":"","tags":["network"],"title":"Network Cables and Connectors"},{"categories":["Networking"],"permalink":"https://pauliusuk.github.io/posts/2024/common-network-ports/","summary":"","tags":["ports","network"],"title":"Common Network Ports"},{"categories":["Windows"],"permalink":"https://pauliusuk.github.io/posts/2024/windows-run-command-shortcuts/","summary":"","tags":["windows"],"title":"Windows Run Commands"},{"categories":["Web Development"],"permalink":"https://pauliusuk.github.io/posts/2024/css-selectors/","summary":"","tags":["css"],"title":"CSS Selectors"},{"categories":null,"permalink":"https://pauliusuk.github.io/games/memory-game/","summary":"","tags":null,"title":"Simon"},{"categories":null,"permalink":"https://pauliusuk.github.io/games/drum-kit/","summary":"","tags":null,"title":"Drum Kit"},{"categories":["Web Development"],"permalink":"https://pauliusuk.github.io/posts/2024/how-to-add-copy-button-to-hugo-site/","summary":"","tags":["hugo"],"title":"How to Add a Copy Code Button to Hugo Static Website?"},{"categories":["Linux"],"permalink":"https://pauliusuk.github.io/posts/2024/chmod/","summary":"","tags":["bash","shell","linux"],"title":"Exploring Linux \"chmod\" commands"}]