<?xml version="1.0" encoding="utf-8" standalone="yes"?>
<rss version="2.0" xmlns:atom="http://www.w3.org/2005/Atom">
  <channel>
    <title>Tags on Paulius.uk</title>
    <link>https://pauliusuk.github.io/tags/</link>
    <description>Recent content in Tags on Paulius.uk</description>
    <generator>Hugo -- gohugo.io</generator>
    <language>en-us</language>
    <lastBuildDate>Tue, 09 Apr 2024 18:39:08 +0100</lastBuildDate>
    <atom:link href="https://pauliusuk.github.io/tags/index.xml" rel="self" type="application/rss+xml" />
    <item>
      <title>network</title>
      <link>https://pauliusuk.github.io/tags/network/</link>
      <pubDate>Tue, 09 Apr 2024 18:39:08 +0100</pubDate>
      <guid>https://pauliusuk.github.io/tags/network/</guid>
      <description></description>
    </item>
    <item>
      <title>wifi</title>
      <link>https://pauliusuk.github.io/tags/wifi/</link>
      <pubDate>Tue, 09 Apr 2024 18:39:08 +0100</pubDate>
      <guid>https://pauliusuk.github.io/tags/wifi/</guid>
      <description></description>
    </item>
    <item>
      <title>shell</title>
      <link>https://pauliusuk.github.io/tags/shell/</link>
      <pubDate>Thu, 04 Apr 2024 16:20:46 +0100</pubDate>
      <guid>https://pauliusuk.github.io/tags/shell/</guid>
      <description></description>
    </item>
    <item>
      <title>ports</title>
      <link>https://pauliusuk.github.io/tags/ports/</link>
      <pubDate>Thu, 04 Apr 2024 02:27:31 +0100</pubDate>
      <guid>https://pauliusuk.github.io/tags/ports/</guid>
      <description></description>
    </item>
    <item>
      <title>windows</title>
      <link>https://pauliusuk.github.io/tags/windows/</link>
      <pubDate>Sun, 31 Mar 2024 18:30:32 +0100</pubDate>
      <guid>https://pauliusuk.github.io/tags/windows/</guid>
      <description></description>
    </item>
    <item>
      <title>css</title>
      <link>https://pauliusuk.github.io/tags/css/</link>
      <pubDate>Thu, 28 Mar 2024 20:41:34 +0000</pubDate>
      <guid>https://pauliusuk.github.io/tags/css/</guid>
      <description></description>
    </item>
    <item>
      <title>hugo</title>
      <link>https://pauliusuk.github.io/tags/hugo/</link>
      <pubDate>Tue, 12 Mar 2024 18:32:12 +0000</pubDate>
      <guid>https://pauliusuk.github.io/tags/hugo/</guid>
      <description></description>
    </item>
    <item>
      <title>bash</title>
      <link>https://pauliusuk.github.io/tags/bash/</link>
      <pubDate>Sat, 09 Mar 2024 14:15:12 +0000</pubDate>
      <guid>https://pauliusuk.github.io/tags/bash/</guid>
      <description></description>
    </item>
    <item>
      <title>linux</title>
      <link>https://pauliusuk.github.io/tags/linux/</link>
      <pubDate>Sat, 09 Mar 2024 14:15:12 +0000</pubDate>
      <guid>https://pauliusuk.github.io/tags/linux/</guid>
      <description></description>
    </item>
  </channel>
</rss>
