<?xml version="1.0" encoding="utf-8" standalone="yes"?>
<rss version="2.0" xmlns:atom="http://www.w3.org/2005/Atom">
  <channel>
    <title>Games on Paulius.uk</title>
    <link>https://pauliusuk.github.io/games/</link>
    <description>Recent content in Games on Paulius.uk</description>
    <generator>Hugo -- gohugo.io</generator>
    <language>en-us</language>
    <lastBuildDate>Wed, 20 Mar 2024 00:00:00 +0000</lastBuildDate>
    <atom:link href="https://pauliusuk.github.io/games/index.xml" rel="self" type="application/rss+xml" />
    <item>
      <title>Drum Kit</title>
      <link>https://pauliusuk.github.io/games/drum-kit/</link>
      <pubDate>Wed, 20 Mar 2024 00:00:00 +0000</pubDate>
      <guid>https://pauliusuk.github.io/games/drum-kit/</guid>
      <description>Play Drum Kit Game</description>
    </item>
    <item>
      <title>Simon</title>
      <link>https://pauliusuk.github.io/games/memory-game/</link>
      <pubDate>Wed, 20 Mar 2024 00:00:00 +0000</pubDate>
      <guid>https://pauliusuk.github.io/games/memory-game/</guid>
      <description>Play Drum Kit Game</description>
    </item>
  </channel>
</rss>
